title,price,unit,category,subcategory
อาร์เอส ผ้าอ้อมสาลู เกรด A ขนาด 17 x 17 นิ้ว แพ็ค 12 ผืน,259.0,/แพ็ค,mom-baby,diaper
อาร์เอส ผ้าอ้อมสาลู เกรด A ขนาด 21 x 21 แพ็ค 12 ผืน,349.0,/แพ็ค,mom-baby,diaper
ผ้าอ้อมผ้าสาลู ขนาด 27 x 27 นิ้ว แพ็ค 12,499.0,/แพ็ค,mom-baby,diaper
เซฟดี ผ้าอ้อมสำลี 27 x 27 นิ้ว แพ็ค 12 ผืน,599.0,/แพ็ค,mom-baby,diaper
โมดา บิมบิ ผ้าอ้อมสาลู  27 x 27 นิ้ว แพ็ค 6 ผืน,329.0,/แพ็ค,mom-baby,diaper
อาร์เอส ผ้าอ้อมสำลี เกรด A ขนาด 24 x 24 นิ้ว แพ็ค 12 ผืน,459.0,/แพ็ค,mom-baby,diaper
อาร์เอส ผ้าอ้อมสำลี เกรด A ขนาด 24 x 24 นิ้ว แพ็ค 6 ผืน,229.0,/แพ็ค,mom-baby,diaper
พีเจ้น แผ่นซับน้ำนม ผิวหน้ารังผึ้ง 12 ชิ้น,42.0,/กล่อง,mom-baby,diaper
พีเจ้น แผ่นซับน้ำนม ผิวหน้ารังผึ้ง 120 ชิ้น,340.0,/กล่อง,mom-baby,diaper
มามี่โพโค แพ้นท์ แฮปปี้ ออลเดย์ดราย กางเกงผ้าอ้อมเด็ก ขนาด M แพ็ค 104 ชิ้น,489.0,/ลัง,mom-baby,diaper
มามี่โพโค แพ้นท์ แฮปปี้ ออลเดย์ดราย กางเกงผ้าอ้อมเด็ก XXXL แพ็ค 7 ชิ้น,89.0,/ห่อ,mom-baby,diaper
มามี่โพโค แพ้นท์ แฮปปี้ ออลเดย์ดราย กางเกงผ้าอ้อมเด็ก ขนาด L แพ็ค 88 ชิ้น,489.0,/ลัง,mom-baby,diaper
มามี่โพโค แพ้นท์ แฮปปี้ ออลเดย์ดราย กางเกงผ้าอ้อมเด็ก ขนาด XXL แพ็ค 68 ชิ้น,489.0,/ลัง,mom-baby,diaper
มามี่โพโค แพ้นท์ แฮปปี้ ออลเดย์ดราย กางเกงผ้าอ้อมเด็ก ขนาด XL แพ็ค 76 ชิ้น,489.0,/ลัง,mom-baby,diaper
ซันนี่ เบบี้ เฟล็กซี่ เดย์แอนด์ไนท์ แพ้นท์ กางเกงผ้าอ้อม ขนาด XXXL 38+4 ชิ้น,339.0,/แพ็ค,mom-baby,diaper
ซันนี่ เบบี้ เฟล็กซี่ เดย์แอนด์ไนท์ แพ้นท์ กางเกงผ้าอ้อม ขนาด XXL 48+4 ชิ้น,339.0,/แพ็ค,mom-baby,diaper
ซันนี่ เบบี้ เฟล็กซี่ เดย์แอนด์ไนท์ แพ้นท์ กางเกงผ้าอ้อม ขนาด S 78+4 ชิ้น,339.0,/แพ็ค,mom-baby,diaper
ซันนี่ เบบี้ เฟล็กซี่ เดย์แอนด์ไนท์ แพ้นท์ กางเกงผ้าอ้อม ขนาด XL 54+4 ชิ้น x 4 ห่อ,1197.0,/แพ็ค,mom-baby,diaper
ซันนี่ เบบี้ เฟล็กซี่ เดย์แอนด์ไนท์ แพ้นท์ กางเกงผ้าอ้อม ขนาด L 62+4 ชิ้น x 4 ห่อ,1197.0,/แพ็ค,mom-baby,diaper
ซันนี่ เบบี้ เฟล็กซี่ เดย์แอนด์ไนท์ แพ้นท์ กางเกงผ้าอ้อม ขนาด L 62+4 ชิ้น,339.0,/แพ็ค,mom-baby,diaper
ซันนี่ เบบี้ เฟล็กซี่ เดย์แอนด์ไนท์ แพ้นท์ กางเกงผ้าอ้อม ขนาด XXXL 38+4 ชิ้น x 4 ห่อ,1197.0,/แพ็ค,mom-baby,diaper
ซันนี่ เบบี้ เฟล็กซี่ เดย์แอนด์ไนท์ แพ้นท์ กางเกงผ้าอ้อม ขนาด XXL 48+4 ชิ้น x 4 ห่อ,1197.0,/แพ็ค,mom-baby,diaper
ซันนี่ เบบี้ เฟล็กซี่ เดย์แอนด์ไนท์ แพ้นท์ กางเกงผ้าอ้อม ขนาด XL 54+4 ชิ้น,339.0,/แพ็ค,mom-baby,diaper
เมอร์รี่ส์ ผ้าอ้อมเด็กชนิดกางเกง ไซส์ M 52 ชิ้น แพ็ค 3,1437.0,/ลัง,mom-baby,diaper
เมอร์รี่ส์ ผ้าอ้อมเด็กชนิดเทป ไซส์ NB 76 ชิ้น แพ็ค 4,2325.0,/ลัง,mom-baby,diaper
เมอร์รี่ส์ ผ้าอ้อมเด็กชนิดกางเกง ไซส์ S 62 ชิ้น แพ็ค 3,1437.0,/ลัง,mom-baby,diaper
เมอร์รี่ส์ ผ้าอ้อมเด็กชนิดกางเกง ไซส์ XXL 32 ชิ้น แพ็ค 2,898.0,/ลัง,mom-baby,diaper
กูนน์ เฟรนด์ ผ้าอ้อมเด็กแบบกางเกง กลิ่นแป้งเด็ก ขนาด XXL 32 ชิ้น แพ็ค 3,627.0,/กล่อง,mom-baby,diaper
เมอร์รี่ส์ ผ้าอ้อมเด็กชนิดกางเกง ไซส์ M 66 ชิ้น แพ็ค 2,1153.0,/ลัง,mom-baby,diaper
เมอร์รี่ส์ ผ้าอ้อมเด็กชนิดกางเกง ไซส์ XL 50 ชิ้น แพ็ค 2,1153.0,/ลัง,mom-baby,diaper
เมอร์รี่ส์ ผ้าอ้อมเด็กชนิดกางเกง ไซส์ L 44 ชิ้น แพ็ค 3,1437.0,/ลัง,mom-baby,diaper
เมอร์รี่ส์ ผ้าอ้อมเด็กชนิดเทป ไซส์ NB 76 ชิ้น,697.0,/แพ็ค,mom-baby,diaper
กูนน์ เฟรนด์ ผ้าอ้อมเด็กแบบกางเกง กลิ่นแป้งเด็ก ขนาด XL แพ็ค 36,239.0,/ห่อ,mom-baby,diaper
เมอร์รี่ส์ ผ้าอ้อมเด็กชนิดกางเกง ไซส์ M 52 ชิ้น,599.0,/แพ็ค,mom-baby,diaper
เมอร์รี่ส์ ผ้าอ้อมเด็กชนิดกางเกง ไซส์ XL 38 ชิ้น,599.0,/แพ็ค,mom-baby,diaper
เมอร์รี่ส์ ผ้าอ้อมเด็กชนิดกางเกง ไซส์ S 62 ชิ้น,599.0,/แพ็ค,mom-baby,diaper
เมอร์รี่ส์ ผ้าอ้อมเด็กชนิดกางเกง อัลตร้า ไซส์ M 66 ชิ้น,699.0,/แพ็ค,mom-baby,diaper
เมอร์รี่ส์ ผ้าอ้อมเด็กชนิดกางเกง อัลตร้า ไซส์ XXL 32 ชิ้น,569.0,/แพ็ค,mom-baby,diaper
กูนน์ เฟรนด์ ผ้าอ้อมเด็กแบบกางเกง กลิ่นแป้งเด็ก ขนาด L แพ็ค 42,239.0,/ห่อ,mom-baby,diaper
เมอร์รี่ส์ ผ้าอ้อมเด็กชนิดกางเกง อัลตร้า ไซส์ L 56 ชิ้น,699.0,/แพ็ค,mom-baby,diaper
กูนน์ เฟรนด์ ผ้าอ้อมเด็กแบบกางเกง กลิ่นแป้งเด็ก ขนาด XXL แพ็ค 32,239.0,/ห่อ,mom-baby,diaper
เมอร์รี่ส์ ผ้าอ้อมเด็กชนิดกางเกง อัลตร้า ไซส์ XL 50 ชิ้น,699.0,/แพ็ค,mom-baby,diaper
เมอร์รี่ส์ ผ้าอ้อมเด็กชนิดเทป ไซส์ S 70 ชิ้น,665.0,/แพ็ค,mom-baby,diaper
เมอร์รี่ส์ ผ้าอ้อมเด็กชนิดกางเกง ไซส์ L 44 ชิ้น,599.0,/แพ็ค,mom-baby,diaper
กูนน์ เฟรนด์ ผ้าอ้อมเด็กแบบกางเกง กลิ่นแป้งเด็ก ขนาด XL 36 ชิ้น แพ็ค 3,627.0,/กล่อง,mom-baby,diaper
กูนน์ เฟรนด์ ผ้าอ้อมเด็กแบบกางเกง กลิ่นแป้งเด็ก ขนาด L 42 ชิ้น แพ็ค 3,627.0,/กล่อง,mom-baby,diaper
เบบี้เลิฟ เดย์ไนท์ แพ้นท์ กางเกงผ้าอ้อมเด็ก เมก้าแพ็ค ขนาด 3XL จำนวน 26+2 แพ็ค 3,1010.0,/กล่อง,mom-baby,diaper
โมลฟิกซ์ เอ็กซ์ตร้าดราย แพ้นส์ กางเกงผ้าอ้อมเด็ก ขนาด XXXL 28 ชิ้น แพ็ค 3,897.0,/กล่อง,mom-baby,diaper
มามี่โพโค แพ้นท์ แฮปปี้ ออล เดย์ ดราย กางเกงผ้าอ้อมสำเร็จรูปสำหรับเด็ก ขนาด XXXL 28 ชิ้น แพ็ค 4,1335.0,/กล่อง,mom-baby,diaper
เบบี้เลิฟ เดย์ไนท์ แพ้นท์ กางเกงผ้าอ้อมสำเร็จรูป ขนาด XXXL แพ็ค 26+2 ชิ้น,349.0,/ห่อ,mom-baby,diaper
โมลฟิกซ์ เอ็กซ์ตร้าดราย แพ้นส์ กางเกงผ้าอ้อมเด็ก ขนาด XXXL 28 ชิ้น,349.0,/แพ็ค,mom-baby,diaper
มามี่โพโค แพ้นท์ กางเกงผ้าอ้อม รุ่นแฮปปี้ ออลเดย์ดราย ขนาด XXXL 28 ชิ้น,389.0,/แพ็ค,mom-baby,diaper
โมลฟิกซ์ เนเชอรัล แพ้นส์ กางเกงผ้าอ้อมเด็ก ขนาด XL 54 ชิ้น x 3 แพ็ค,1235.0,/ลัง,mom-baby,diaper
โมลฟิกซ์ เอ็กซ์ตร้าดราย แพ้นส์ กางเกงผ้าอ้อมเด็ก ขนาด L 62 ชิ้น x 3 แพ็ค,897.0,/ลัง,mom-baby,diaper
โมลฟิกซ์ เนเชอรัล แพ้นส์ กางเกงผ้าอ้อมเด็ก ขนาด M 74 ชิ้น x 3 แพ็ค,1235.0,/ลัง,mom-baby,diaper
โมลฟิกซ์ เอ็กซ์ตร้าดราย แพ้นส์ กางเกงผ้าอ้อมเด็ก ขนาด XL 54 ชิ้น x 3 แพ็ค,897.0,/ลัง,mom-baby,diaper
โมลฟิกซ์ เอ็กซ์ตร้าดราย แพ้นส์ กางเกงผ้าอ้อมเด็ก ขนาด M 74 ชิ้น x 3 แพ็ค,897.0,/ลัง,mom-baby,diaper
โมลฟิกซ์ เอ็กซ์ตร้าดราย แพ้นส์ กางเกงผ้าอ้อมเด็ก ขนาด S 78 ชิ้น x 3 แพ็ค,897.0,/ลัง,mom-baby,diaper
โมลฟิกซ์ เอ็กซ์ตร้าดราย แพ้นส์ กางเกงผ้าอ้อมเด็ก ขนาด XXL 48 ชิ้น x 3 แพ็ค,897.0,/ลัง,mom-baby,diaper
โมลฟิกซ์ เนเชอรัล เทป ผ้าอ้อมเด็กแบบเทป ขนาด NB 88 ชิ้น x 3 แพ็ค,1055.0,/ลัง,mom-baby,diaper
โมลฟิกซ์ เนเชอรัล แพ้นส์ กางเกงผ้าอ้อมเด็ก ขนาด S 78 ชิ้น x 3 แพ็ค,1235.0,/ลัง,mom-baby,diaper
โมลฟิกซ์ เนเชอรัล แพ้นส์ กางเกงผ้าอ้อมเด็ก ขนาด XXL 48 ชิ้น x 3 แพ็ค,1235.0,/ลัง,mom-baby,diaper
โมลฟิกซ์ เนเชอรัล แพ้นส์ กางเกงผ้าอ้อมเด็ก ขนาด L 62 ชิ้น x 3 แพ็ค,1235.0,/ลัง,mom-baby,diaper
โมลฟิกซ์ เนเชอรัล แพ้นส์ กางเกงผ้าอ้อมเด็ก ขนาด XL 54 ชิ้น,489.0,/แพ็ค,mom-baby,diaper
โมลฟิกซ์ เอ็กซ์ตร้าดราย แพ้นส์ กางเกงผ้าอ้อมเด็ก ขนาด XL 54 ชิ้น,349.0,/แพ็ค,mom-baby,diaper
โมลฟิกซ์ เอ็กซ์ตร้าดราย แพ้นส์ กางเกงผ้าอ้อมเด็ก ขนาด M 17 ชิ้น,75.0,/แพ็ค,mom-baby,diaper
โมลฟิกซ์ เอ็กซ์ตร้าดราย แพ้นส์ กางเกงผ้าอ้อมเด็ก ขนาด XL 13 ชิ้น,75.0,/แพ็ค,mom-baby,diaper
โมลฟิกซ์ เนเชอรัล เทป ผ้าอ้อมเด็กแบบเทป ขนาด NB 88 ชิ้น,429.0,/แพ็ค,mom-baby,diaper
โมลฟิกซ์ เนเชอรัล แพ้นส์ กางเกงผ้าอ้อมเด็ก ขนาด S 78 ชิ้น,489.0,/แพ็ค,mom-baby,diaper
โมลฟิกซ์ เอ็กซ์ตร้าดราย แพ้นส์ กางเกงผ้าอ้อมเด็ก ขนาด M 74 ชิ้น,349.0,/แพ็ค,mom-baby,diaper
โมลฟิกซ์ เอ็กซ์ตร้าดราย แพ้นส์ กางเกงผ้าอ้อมเด็ก ขนาด L 62 ชิ้น,349.0,/แพ็ค,mom-baby,diaper
โมลฟิกซ์ เอ็กซ์ตร้าดราย แพ้นส์ กางเกงผ้าอ้อมเด็ก ขนาด S 19 ชิ้น,75.0,/แพ็ค,mom-baby,diaper
โมลฟิกซ์ เอ็กซ์ตร้าดราย แพ้นส์ กางเกงผ้าอ้อมเด็ก ขนาด XXL 48 ชิ้น,349.0,/แพ็ค,mom-baby,diaper
โมลฟิกซ์ เนเชอรัล แพ้นส์ กางเกงผ้าอ้อมเด็ก ขนาด XXL 48 ชิ้น,489.0,/แพ็ค,mom-baby,diaper
โมลฟิกซ์ เอ็กซ์ตร้าดราย แพ้นส์ กางเกงผ้าอ้อมเด็ก ขนาด L 14 ชิ้น,75.0,/แพ็ค,mom-baby,diaper
โมลฟิกซ์ เนเชอรัล แพ้นส์ กางเกงผ้าอ้อมเด็ก ขนาด M 74 ชิ้น,489.0,/แพ็ค,mom-baby,diaper
โมลฟิกซ์ เนเชอรัล แพ้นส์ กางเกงผ้าอ้อมเด็ก ขนาด L 62 ชิ้น,489.0,/แพ็ค,mom-baby,diaper
เบบี้เลิฟ เพลย์แพ้นท์ พรีเมี่ยม กางเกงผ้าอ้อม ขนาด XXXL 24 ชิ้น,369.0,/แพ็ค,mom-baby,diaper
กูนน์ มัมมี่ คิส แพ้นท์ กางเกงผ้าอ้อม ขนาด XL 44 ชิ้น,399.0,/แพ็ค,mom-baby,diaper
กูนน์ มัมมี่ คิส แพ้นท์ กางเกงผ้าอ้อม ขนาด XXL 38 ชิ้น,399.0,/แพ็ค,mom-baby,diaper
กูนน์ มัมมี่ คิส แพ้นท์ กางเกงผ้าอ้อม ขนาด XXXL 28 ชิ้น,399.0,/แพ็ค,mom-baby,diaper
กูนน์ มัมมี่ คิส แพ้นท์ กางเกงผ้าอ้อม ขนาด M 62 ชิ้น,399.0,/แพ็ค,mom-baby,diaper
มามี่โพโค แพนท์ กางเกงผ้าอ้อม พรีเมียม เอม เพอร์เฟกต์ ดราย สำหรับเด็กผู้หญิง ขนาด L 62 ชิ้น x 3 แพ็ค,1698.0,/ลัง,mom-baby,diaper
มามี่โพโค แพ้นท์ ซุปเปอร์ พรีเมียม ออร์แกนิค กางเกงผ้าอ้อม ขนาด M 58+4 ชิ้น x 3 แพ็ค,1505.0,/ลัง,mom-baby,diaper
มามี่โพโค แพ้นท์ กางเกงผ้าอ้อม รุ่นแฮปปี้ ออลเดย์ดราย ขนาด XXL 11 ชิ้น x 8 แพ็ค,594.0,/ลัง,mom-baby,diaper
มามี่โพโค แพ้นท์ กางเกงผ้าอ้อม รุ่นแฮปปี้ ออลเดย์ดราย ขนาด XXL 38 ชิ้น x 4 แพ็ค,1107.0,/ลัง,mom-baby,diaper
มามี่โพโค แพนท์ กางเกงผ้าอ้อม พรีเมียม เอม เพอร์เฟกต์ ดราย เด็กชาย ขนาด XXXL 22 ชิ้น x 4 แพ็ค,1767.0,/ลัง,mom-baby,diaper
มามี่โพโค แพ้นท์ แฮปปี้ เดย์แอนด์ไนท์ กางเกงผ้าอ้อม รุ่นบางสบาย ขนาด XL 54 ชิ้น x 4 แพ็ค,1335.0,/ลัง,mom-baby,diaper
มามี่โพโค แพ้นท์ แฮปปี้ เดย์แอนด์ไนท์ กางเกงผ้าอ้อม รุ่นบางสบาย ขนาด S 78 ชิ้น x 4 แพ็ค,1335.0,/ลัง,mom-baby,diaper
มามี่โพโค แพนท์ กางเกงผ้าอ้อม พรีเมียม เอม เพอร์เฟกต์ ดราย สำหรับเด็กชาย ขนาด L 48 ชิ้น x 4 แพ็ค,1767.0,/ลัง,mom-baby,diaper
มามี่โพโค แพนท์ กางเกงผ้าอ้อม พรีเมียม เอม เพอร์เฟกต์ ดราย เด็กหญิง ขนาด XXXL 22 ชิ้น x 4 แพ็ค,1767.0,/ลัง,mom-baby,diaper
มามี่โพโค แพ้นท์ ซุปเปอร์ พรีเมียม ออร์แกนิค กางเกงผ้าอ้อม ขนาด XL 38 ชิ้น x 3 แพ็ค,1505.0,/ลัง,mom-baby,diaper
มามี่โพโค ซุปเปอร์ พรีเมี่ยม ออร์แกนิค ผ้าอ้อมแบบเทป ขนาด S 22 ชิ้น x 8 แพ็ค,1134.0,/ลัง,mom-baby,diaper
มามี่โพโค แพนท์ กางเกงผ้าอ้อม พรีเมียม เอม เพอร์เฟกต์ ดราย สำหรับเด็กผู้หญิง ขนาด M 76 ชิ้น x 3 แพ็ค,1698.0,/ลัง,mom-baby,diaper
มามี่โพโค พรีเมี่ยม เอ็กซ์ตร้า ดราย ผ้าอ้อมสำเร็จรูปแบบเทป ขนาด M จำนวน 72 ชิ้น x 3 แพ็ค,1325.0,/ลัง,mom-baby,diaper
มามี่โพโค แพ้นท์ กางเกงผ้าอ้อม รุ่นแฮปปี้ ออลเดย์ดราย ขนาด M 74 ชิ้น x 4 แพ็ค,1335.0,/ลัง,mom-baby,diaper
มามี่โพโค แพ้นท์ กางเกงผ้าอ้อม รุ่นแฮปปี้ ออลเดย์ดราย ขนาด L 50 ชิ้น x 4 แพ็ค,1107.0,/ลัง,mom-baby,diaper
มามี่โพโค พรีเมี่ยม เอ็กซ์ตร้า ดราย ผ้าอ้อมสำเร็จรูปแบบเทป ขนาด XL จำนวน 60 ชิ้น x 3 แพ็ค,1325.0,/ลัง,mom-baby,diaper
มามี่โพโค แพ้นท์ แฮปปี้ เดย์แอนด์ไนท์ กางเกงผ้าอ้อม รุ่นบางสบาย ขนาด L 62 ชิ้น x 4 แพ็ค,1335.0,/ลัง,mom-baby,diaper
มามี่โพโค พรีเมี่ยม เอ็กซ์ตร้า ดราย ผ้าอ้อมสำเร็จรูปแบบเทป ขนาด L จำนวน 64 ชิ้น x 3 แพ็ค,1325.0,/ลัง,mom-baby,diaper
มามี่โพโค แพ้นท์ กางเกงผ้าอ้อม รุ่นแฮปปี้ ออลเดย์ดราย ขนาด XL 13 ชิ้น x 8 แพ็ค,594.0,/ลัง,mom-baby,diaper
มามี่โพโค แพ้นท์ ซุปเปอร์ พรีเมียม ออร์แกนิค กางเกงผ้าอ้อม ขนาด XXL 32 ชิ้น x 3 แพ็ค,1505.0,/ลัง,mom-baby,diaper
มามี่โพโค แพ้นท์ ซุปเปอร์ พรีเมียม ออร์แกนิค กางเกงผ้าอ้อม ขนาด S 62+6 ชิ้น x 3 แพ็ค,1505.0,/ลัง,mom-baby,diaper
มามี่โพโค แพ้นท์ กางเกงผ้าอ้อม รุ่นแฮปปี้ ออลเดย์ดราย ขนาด XL 44 ชิ้น x 4 แพ็ค,1107.0,/ลัง,mom-baby,diaper
มามี่โพโค แพนท์ กางเกงผ้าอ้อม พรีเมียม เอม เพอร์เฟกต์ ดราย สำหรับเด็กผู้หญิง ขนาด XL 56 ชิ้น x 3 แพ็ค,1698.0,/ลัง,mom-baby,diaper
มามี่โพโค แพ้นท์ กางเกงผ้าอ้อม รุ่นแฮปปี้ ออลเดย์ดราย ขนาด S 78 ชิ้น x 4 แพ็ค,1335.0,/ลัง,mom-baby,diaper
มามี่โพโค แพนท์ กางเกงผ้าอ้อม พรีเมียม เอม เพอร์เฟกต์ ดราย สำหรับเด็กชาย ขนาด XXL 34 ชิ้น x 4 แพ็ค,1767.0,/ลัง,mom-baby,diaper
มามี่โพโค ซุปเปอร์ พรีเมี่ยม ออร์แกนิค ผ้าอ้อมแบบเทป ขนาด Small NB 24 ชิ้น x 8 แพ็ค,1134.0,/ลัง,mom-baby,diaper
มามี่โพโค แพนท์ กางเกงผ้าอ้อม พรีเมียม เอม เพอร์เฟกต์ ดราย สำหรับเด็กชาย ขนาด M 60 ชิ้น x 4 แพ็ค,1767.0,/ลัง,mom-baby,diaper
มามี่โพโค แพ้นท์ กางเกงผ้าอ้อม รุ่นแฮปปี้ ออลเดย์ดราย ขนาด S 19 ชิ้น x 8 แพ็ค,594.0,/ลัง,mom-baby,diaper
มามี่โพโค แพ้นท์ กางเกงผ้าอ้อม รุ่นแฮปปี้ ออลเดย์ดราย ขนาด M 17 ชิ้น x 8 แพ็ค,594.0,/ลัง,mom-baby,diaper
มามี่โพโค แพนท์ กางเกงผ้าอ้อม พรีเมียม เอม เพอร์เฟกต์ ดราย สำหรับเด็กหญิง ขนาด M 60 ชิ้น x 4 แพ็ค,1767.0,/ลัง,mom-baby,diaper
มามี่โพโค แพนท์ กางเกงผ้าอ้อม พรีเมียม เอม เพอร์เฟกต์ ดราย สำหรับเด็กหญิง ขนาด XL 42 ชิ้น x 4 แพ็ค,1767.0,/ลัง,mom-baby,diaper
มามี่โพโค ซุปเปอร์ พรีเมี่ยม ออร์แกนิค ผ้าอ้อมแบบเทป ขนาด NB 24 ชิ้น x 8 แพ็ค,1134.0,/ลัง,mom-baby,diaper
มามี่โพโค ซุปเปอร์ พรีเมียม ออร์แกนิค ผ้าอ้อมแบบเทป ขนาด S 76 ชิ้น x 3 แพ็ค,1505.0,/ลัง,mom-baby,diaper
มามี่โพโค แพนท์ กางเกงผ้าอ้อม พรีเมียม เอม เพอร์เฟกต์ ดราย ขนาด S 66 ชิ้น x 4 แพ็ค,1767.0,/ลัง,mom-baby,diaper
มามี่โพโค แพนท์ กางเกงผ้าอ้อม พรีเมียม เอม เพอร์เฟกต์ ดราย สำหรับเด็กผู้ชาย ขนาด L 62 ชิ้น x 3 แพ็ค,1698.0,/ลัง,mom-baby,diaper
มามี่โพโค พรีเมียม เอ็กซ์ตร้า ดราย ผ้าอ้อมสำเร็จรูปแบบเทป ขนาด NB 82 ชิ้น x 3 แพ็ค,1325.0,/ลัง,mom-baby,diaper
มามี่โพโค แพนท์ กางเกงผ้าอ้อม พรีเมียม เอม เพอร์เฟกต์ ดราย สำหรับเด็กผู้ชาย ขนาด M 76 ชิ้น x 3 แพ็ค,1698.0,/ลัง,mom-baby,diaper
มามี่โพโค แพนท์ กางเกงผ้าอ้อม พรีเมียม เอม เพอร์เฟกต์ ดราย สำหรับเด็กผู้ชาย ขนาด XXL 44 ชิ้น x 3 แพ็ค,1698.0,/ลัง,mom-baby,diaper
มามี่โพโค แพนท์ กางเกงผ้าอ้อม พรีเมียม เอม เพอร์เฟกต์ ดราย สำหรับเด็กผู้หญิง ขนาด XXL 44 ชิ้น x 3 แพ็ค,1698.0,/ลัง,mom-baby,diaper
มามี่โพโค แพนท์ กางเกงผ้าอ้อม พรีเมียม เอม เพอร์เฟกต์ ดราย สำหรับเด็กหญิง ขนาด XXL 34 ชิ้น x 4 แพ็ค,1767.0,/ลัง,mom-baby,diaper
มามี่โพโค แพ้นท์ แฮปปี้ เดย์แอนด์ไนท์ กางเกงผ้าอ้อม รุ่นบางสบาย ขนาด M 74 ชิ้น x 4 แพ็ค,1335.0,/ลัง,mom-baby,diaper
มามี่โพโค พรีเมียม เอ็กซ์ตร้า ดราย ผ้าอ้อมสำเร็จรูปแบบเทป ขนาด S 74 ชิ้น x 3 แพ็ค,1325.0,/ลัง,mom-baby,diaper
มามี่โพโค แพ้นท์ แฮปปี้ เดย์แอนด์ไนท์ กางเกงผ้าอ้อม รุ่นบางสบาย ขนาด XXL 48 ชิ้น x 4 แพ็ค,1335.0,/ลัง,mom-baby,diaper
มามี่โพโค ซุปเปอร์ พรีเมี่ยม ออร์แกนิค ผ้าอ้อมแบบเทป ขนาด NB จำนวน 84 ชิ้น x 3 แพ็ค,1505.0,/ลัง,mom-baby,diaper
มามี่โพโค แพ้นท์ แฮปปี้ เดย์แอนด์ไนท์ กางเกงผ้าอ้อมสำเร็จรูป รุ่นบางสบาย ขนาด L 62 ชิ้น,389.0,/แพ็ค,mom-baby,diaper
มามี่โพโค แพ้นท์ แฮปปี้ เดย์แอนด์ไนท์ กางเกงผ้าอ้อมสำเร็จรูป รุ่นบางสบาย ขนาด S 78 ชิ้น,389.0,/แพ็ค,mom-baby,diaper
มามี่โพโค แพ้นท์ แฮปปี้ เดย์แอนด์ไนท์ กางเกงผ้าอ้อมสำเร็จรูป รุ่นบางสบาย ขนาด M 74 ชิ้น,389.0,/แพ็ค,mom-baby,diaper
มามี่โพโค แพ้นท์ แฮปปี้ เดย์แอนด์ไนท์ กางเกงผ้าอ้อมสำเร็จรูป รุ่นบางสบาย ขนาด XL 54 ชิ้น,389.0,/แพ็ค,mom-baby,diaper
มามี่โพโค แพ้นท์ แฮปปี้ เดย์แอนด์ไนท์ กางเกงผ้าอ้อมสำเร็จรูป รุ่นบางสบาย ขนาด XXL 48 ชิ้น,389.0,/แพ็ค,mom-baby,diaper
มามี่โพโค แพนท์ กางเกงผ้าอ้อม พรีเมียม เอม เพอร์เฟกต์ ดราย สำหรับเด็กหญิง ขนาด M 60 ชิ้น,529.0,/ห่อ,mom-baby,diaper
มามี่โพโค พรีเมียม เอ็กซ์ตร้า ดราย ผ้าอ้อมสำเร็จรูปแบบเทป ขนาด NB 82 ชิ้น,529.0,/ห่อ,mom-baby,diaper
มามี่โพโค แพนท์ กางเกงผ้าอ้อม พรีเมียม เอม เพอร์เฟกต์ ดราย สำหรับเด็กชาย ขนาด M 60 ชิ้น,529.0,/ห่อ,mom-baby,diaper
มามี่โพโค แพนท์ กางเกงผ้าอ้อม พรีเมียม เอม เพอร์เฟกต์ ดราย สำหรับเด็กหญิง ขนาด XL 42 ชิ้น,529.0,/ห่อ,mom-baby,diaper
ซันนี่ เบบี้ อัลตร้าธิน ลักซ์ชัวรี่ กางเกงผ้าอ้อมเด็ก ขนาด XL 32 ชิ้น,319.0,/แพ็ค,mom-baby,diaper
มามี่โพโค แพนท์ กางเกงผ้าอ้อม พรีเมียม เอม เพอร์เฟกต์ ดราย สำหรับเด็กชาย ขนาด L 48 ชิ้น,529.0,/ห่อ,mom-baby,diaper
มามี่โพโค แพนท์ กางเกงผ้าอ้อม พรีเมียม เอม เพอร์เฟกต์ ดราย สำหรับเด็กชาย ขนาด XXL 34 ชิ้น,529.0,/ห่อ,mom-baby,diaper
มามี่โพโค แพนท์ กางเกงผ้าอ้อม พรีเมียม เอม เพอร์เฟกต์ ดราย สำหรับเด็กหญิง ขนาด XXL 34 ชิ้น,529.0,/ห่อ,mom-baby,diaper
มามี่โพโค แพนท์ กางเกงผ้าอ้อม พรีเมียม เอม เพอร์เฟกต์ ดราย สำหรับเด็กหญิง ขนาด XXXL 22 ชิ้น,529.0,/ห่อ,mom-baby,diaper
มามี่โพโค พรีเมียม เอ็กซ์ตร้า ดราย ผ้าอ้อมสำเร็จรูปแบบเทป ขนาด S 74 ชิ้น,529.0,/ห่อ,mom-baby,diaper
มามี่โพโค แพนท์ กางเกงผ้าอ้อม พรีเมียม เอม เพอร์เฟกต์ ดราย สำหรับเด็กชาย ขนาด XL 42 ชิ้น MAMYPOKO Premium Aim Perfect Dry Baby Diaper Pants For Boys Size XL 42 ea,529.0,/ห่อ,mom-baby,diaper
มามี่โพโค แพนท์ กางเกงผ้าอ้อม พรีเมียม เอม เพอร์เฟกต์ ดราย สำหรับเด็กชาย ขนาด XXXL 22 ชิ้น,529.0,/ห่อ,mom-baby,diaper
ซันนี่ เบบี้ อัลตร้าธิน ลักซ์ชัวรี่ กางเกงผ้าอ้อมเด็ก ขนาด L 36 ชิ้น,319.0,/แพ็ค,mom-baby,diaper
ซันนี่ เบบี้ อัลตร้าธิน ลักซ์ชัวรี่ กางเกงผ้าอ้อมเด็ก ขนาด XXL 28 ชิ้น,319.0,/แพ็ค,mom-baby,diaper
มามี่โพโค แพนท์ กางเกงผ้าอ้อม พรีเมียม เอม เพอร์เฟกต์ ดราย ขนาด S 66 ชิ้น,529.0,/ห่อ,mom-baby,diaper
มามี่โพโค แพนท์ กางเกงผ้าอ้อม พรีเมียม เอม เพอร์เฟกต์ ดราย สำหรับเด็กหญิง ขนาด L 48 ชิ้น,529.0,/ห่อ,mom-baby,diaper
เบบี้เลิฟ เดย์ไนท์ แพ้นท์ กางเกงผ้าอ้อมเด็ก ซูเปอร์จัมโบ้ ขนาด XXL 48 ชิ้น X 3 แพ็ค,1010.0,/ลัง,mom-baby,diaper
เบบี้เลิฟ เดย์ไนท์ แพ้นท์ กางเกงผ้าอ้อมเด็ก ขนาด M 54 ชิ้น x 3 แพ็ค,762.0,/ลัง,mom-baby,diaper
เบบี้เลิฟ เพลย์แพ้นท์ พรีเมียม กางเกงผ้าอ้อมเด็ก จัมโบ้แพ็ค ขนาด L 46 ชิ้น X 4 แพ็ค,1497.0,/แพ็ค,mom-baby,diaper
เบบี้เลิฟ อีซี่ เทป ผ้าอ้อมเด็ก เมก้าแพ็ค ขนาด M 78 ชิ้น X 3 แพ็ค,1100.0,/แพ็ค,mom-baby,diaper
เบบี้เลิฟ เดย์ไนท์ แพ้นท์ กางเกงผ้าอ้อมเด็ก ซูเปอร์จัมโบ้ ขนาด XL 54 ชิ้น X 3 แพ็ค,1010.0,/ลัง,mom-baby,diaper
เบบี้เลิฟ เดย์ไนท์ แพ้นท์ กางเกงผ้าอ้อมเด็ก ซูเปอร์จัมโบ้ ขนาด S 78 ชิ้น X 3 แพ็ค,1010.0,/ลัง,mom-baby,diaper
เบบี้เลิฟ เดย์ไนท์ แพ้นท์ กางเกงผ้าอ้อมเด็ก ขนาด L 44 ชิ้น x 3 แพ็ค,762.0,/ลัง,mom-baby,diaper
เบบี้เลิฟ เพลย์แพ้นท์ พรีเมียม กางเกงผ้าอ้อมเด็ก จัมโบ้แพ็ค ขนาด XL 42 ชิ้น X 4 แพ็ค,1497.0,/ลัง,mom-baby,diaper
เบบี้เลิฟ เพลย์แพ้นท์ พรีเมียม กางเกงผ้าอ้อมเด็ก จัมโบ้แพ็ค ขนาด XXL 36 ชิ้น X 4 แพ็ค,1497.0,/ลัง,mom-baby,diaper
เบบี้เลิฟ อีซี่ เทป ผ้าอ้อมเด็ก เมก้าแพ็ค ขนาด NB 88 ชิ้น X 3 แพ็ค,1100.0,/แพ็ค,mom-baby,diaper
เบบี้เลิฟ อีซี่ เทป ผ้าอ้อมเด็ก จัมโบ้แพ็ค ขนาด S 54 ชิ้น X 4 แพ็ค,957.0,/แพ็ค,mom-baby,diaper
เบบี้เลิฟ เดย์ไนท์ แพ้นท์ กางเกงผ้าอ้อมเด็ก ขนาด XXL 34 ชิ้น x 3 แพ็ค,762.0,/ลัง,mom-baby,diaper
เบบี้เลิฟ เพลย์แพ้นท์ พรีเมียม กางเกงผ้าอ้อมเด็ก จัมโบ้แพ็ค ขนาด S 66 ชิ้น X 4 แพ็ค,1497.0,/แพ็ค,mom-baby,diaper
เบบี้เลิฟ อีซี่ เทป ผ้าอ้อมเด็ก จัมโบ้แพ็ค ขนาด NB 56 ชิ้น X 4 แพ็ค,957.0,/แพ็ค,mom-baby,diaper
เบบี้เลิฟ เดย์ไนท์ แพ้นท์ กางเกงผ้าอ้อมเด็ก ซูเปอร์จัมโบ้ ขนาด L 62 ชิ้น X 3 แพ็ค,1010.0,/ลัง,mom-baby,diaper
เบบี้เลิฟ เดย์ไนท์ แพ้นท์ กางเกงผ้าอ้อมเด็ก ซูเปอร์จัมโบ้ ขนาด M 74 ชิ้น X 3 แพ็ค,1010.0,/ลัง,mom-baby,diaper
เบบี้เลิฟ อีซี่ เทป ผ้าอ้อมเด็ก เมก้าแพ็ค ขนาด S 84 ชิ้น X 3 แพ็ค,1100.0,/แพ็ค,mom-baby,diaper
เบบี้เลิฟ เดย์ไนท์ แพ้นท์ กางเกงผ้าอ้อมเด็ก ขนาด XL 40 ชิ้น x 3 แพ็ค,762.0,/ลัง,mom-baby,diaper
เบบี้เลิฟ เพลย์แพ้นท์ พรีเมียม กางเกงผ้าอ้อมเด็ก จัมโบ้แพ็ค ขนาด M 58 ชิ้น X 4 แพ็ค,1497.0,/แพ็ค,mom-baby,diaper
มามี่โพโค แพ้นท์ กางเกงผ้าอ้อม ซุปเปอร์ พรีเมียม ออร์แกนิค ขนาด M 58+4 ชิ้น,569.0,/ห่อ,mom-baby,diaper
มามี่โพโค แพ้นท์ กางเกงผ้าอ้อม ซุปเปอร์ พรีเมียม ออร์แกนิค ขนาด XL 38 ชิ้น,569.0,/ห่อ,mom-baby,diaper
มามี่โพโค แพ้นท์ กางเกงผ้าอ้อม ซุปเปอร์ พรีเมียม ออร์แกนิค ขนาด L 44+4 ชิ้น,569.0,/ห่อ,mom-baby,diaper
มามี่โพโค แพ้นท์ กางเกงผ้าอ้อม ซุปเปอร์ พรีเมียม ออร์แกนิค ขนาด S 62+6 ชิ้น,569.0,/ห่อ,mom-baby,diaper
มามี่โพโค แพ้นท์ กางเกงผ้าอ้อม รุ่นแฮปปี้ ออลเดย์ดราย ขนาด L 50 ชิ้น,299.0,/แพ็ค,mom-baby,diaper
มามี่โพโค แพ้นท์ กางเกงผ้าอ้อม รุ่นแฮปปี้ ออลเดย์ดราย ขนาด XL 44 ชิ้น,299.0,/แพ็ค,mom-baby,diaper
มามี่โพโค แพ้นท์ กางเกงผ้าอ้อม รุ่นแฮปปี้ ออลเดย์ดราย ขนาด XXL 38 ชิ้น,299.0,/แพ็ค,mom-baby,diaper
มามี่โพโค แพนท์ กางเกงผ้าอ้อม พรีเมียม เอม เพอร์เฟกต์ ดราย สำหรับเด็กชาย ขนาด M 76 ชิ้น,629.0,/ห่อ,mom-baby,diaper
มามี่โพโค แพนท์ กางเกงผ้าอ้อม พรีเมียม เอม เพอร์เฟกต์ ดราย สำหรับเด็กผู้หญิง ขนาด L 62 ชิ้น,629.0,/ห่อ,mom-baby,diaper
มามี่โพโค แพนท์ กางเกงผ้าอ้อม พรีเมียม เอม เพอร์เฟกต์ ดราย สำหรับเด็กผู้ชาย ขนาด XXL 44 ชิ้น,629.0,/ห่อ,mom-baby,diaper
มามี่โพโค แพนท์ กางเกงผ้าอ้อม พรีเมียม เอม เพอร์เฟกต์ ดราย สำหรับเด็กผู้ชาย ขนาด L 62 ชิ้น,629.0,/ห่อ,mom-baby,diaper
มามี่โพโค แพนท์ กางเกงผ้าอ้อม พรีเมียม เอม เพอร์เฟกต์ ดราย สำหรับเด็กหญิง ขนาด XL 56 ชิ้น,629.0,/ห่อ,mom-baby,diaper
มามี่โพโค แพนท์ กางเกงผ้าอ้อม พรีเมียม เอม เพอร์เฟกต์ ดราย สำหรับเด็กหญิง ขนาด M 76 ชิ้น,629.0,/ห่อ,mom-baby,diaper
มามี่โพโค แพ้นท์ กางเกงผ้าอ้อม รุ่นแฮปปี้ ออลเดย์ดราย ขนาด L 62 ชิ้น,389.0,/ห่อ,mom-baby,diaper
มามี่โพโค แพ้นท์ กางเกงผ้าอ้อม รุ่นแฮปปี้ ออลเดย์ดราย ขนาด XXL 48 ชิ้น,389.0,/ห่อ,mom-baby,diaper
มามี่โพโค แพนท์ กางเกงผ้าอ้อม พรีเมียม เอม เพอร์เฟกต์ ดราย สำหรับเด็กชาย ขนาด XL 56 ชิ้น,629.0,/ห่อ,mom-baby,diaper
มามี่โพโค แพนท์ กางเกงผ้าอ้อม พรีเมียม เอม เพอร์เฟกต์ ดราย สำหรับเด็กผู้หญิง ขนาด XXL 44 ชิ้น,629.0,/ห่อ,mom-baby,diaper
มามี่โพโค แพ้นท์ กางเกงผ้าอ้อม รุ่นแฮปปี้ ออลเดย์ดราย ขนาด XL 54 ชิ้น,389.0,/ห่อ,mom-baby,diaper
มามี่โพโค แพ้นท์ กางเกงผ้าอ้อม รุ่นแฮปปี้ ออลเดย์ดราย ขนาด M 74 ชิ้น,389.0,/ห่อ,mom-baby,diaper
มามี่โพโค แพ้นท์ กางเกงผ้าอ้อม รุ่นแฮปปี้ ออลเดย์ดราย ขนาด S 78 ชิ้น,389.0,/ห่อ,mom-baby,diaper
กูนน์ เฟรนด์ กางเกงผ้าอ้อม แพ็คใหญ่พิเศษ ขนาด L 54 ชิ้น,309.0,/ห่อ,mom-baby,diaper
กูนน์ เฟรนด์ กางเกงผ้าอ้อม แพ็คใหญ่พิเศษ ขนาด XXL 42 ชิ้น,309.0,/ห่อ,mom-baby,diaper
กูนน์ เฟรนด์ กางเกงผ้าอ้อม แพ็คใหญ่พิเศษ ขนาด XL 46 ชิ้น,309.0,/ห่อ,mom-baby,diaper
กูนน์ เฟรนด์ กางเกงผ้าอ้อม แพ็คใหญ่พิเศษ ขนาด M 64 ชิ้น,309.0,/ห่อ,mom-baby,diaper
ริลัคคุมะ ผ้ากันเปื้อน รุ่น EVA คละสี,89.0,/แพ็ค,mom-baby,diaper
มามี่โพโค แพ้นท์ กางเกงผ้าอ้อม รุ่นแฮปปี้ ออลเดย์ดราย ขนาด XXL 11 ชิ้น,89.0,/แพ็ค,mom-baby,diaper
เบบี้เลิฟ อีซี่ เทป ผ้าอ้อมเด็ก เมก้าแพ็ค ขนาด S 84 ชิ้น,399.0,/ห่อ,mom-baby,diaper
โมโมยามะ กางเกงผ้าอ้อมกันน้ำ ซักได้ แบบกระดุม พร้อมแผ่นซับ,34.0,/แพ็ค,mom-baby,diaper
มามี่โพโค แพ้นท์ กางเกงผ้าอ้อม รุ่นแฮปปี้ ออลเดย์ดราย ขนาด L 14 ชิ้น,89.0,/แพ็ค,mom-baby,diaper
เบบี้เลิฟ เพลย์แพ้นท์ พรีเมี่ยม กางเกงผ้าอ้อม จัมโบ้แพ็ค ขนาด S 66 ชิ้น,369.0,/ห่อ,mom-baby,diaper
เบบี้เลิฟ เพลย์แพ้นท์ พรีเมี่ยม กางเกงผ้าอ้อม จัมโบ้แพ็ค ขนาด XL 42 ชิ้น,369.0,/ห่อ,mom-baby,diaper
เบบี้เลิฟ เพลย์แพ้นท์ พรีเมี่ยม กางเกงผ้าอ้อม จัมโบ้แพ็ค ขนาด L 46 ชิ้น,369.0,/ห่อ,mom-baby,diaper
เบบี้เลิฟ เพลย์แพ้นท์ พรีเมี่ยม กางเกงผ้าอ้อม จัมโบ้แพ็ค ขนาด XXL 36 ชิ้น,369.0,/ห่อ,mom-baby,diaper
เบบี้เลิฟ เพลย์แพ้นท์ พรีเมี่ยม กางเกงผ้าอ้อม จัมโบ้แพ็ค ขนาด M 58 ชิ้น,369.0,/ห่อ,mom-baby,diaper
เบบี้เลิฟ อีซี่ เทป ผ้าอ้อมเด็ก เมก้าแพ็ค ขนาด NB 88 ชิ้น,399.0,/ห่อ,mom-baby,diaper
มามี่โพโค แพ้นท์ กางเกงผ้าอ้อม รุ่นแฮปปี้ ออลเดย์ดราย ขนาด XL 13 ชิ้น,89.0,/แพ็ค,mom-baby,diaper
มามี่โพโค แพ้นท์ กางเกงผ้าอ้อม รุ่นแฮปปี้ ออลเดย์ดราย ขนาด M 17 ชิ้น,89.0,/แพ็ค,mom-baby,diaper
ฮักกี้ส์ ลิตเติ้ล สวิมเมอร์ส กางเกงผ้าอ้อมสำหรับใส่ว่ายน้ำ ไซส์ L 10 ชิ้น,399.0,/ห่อ,mom-baby,diaper
เบบี้เลิฟ กางเกงผ้าอ้อมเด็ก เดย์ไนท์แพ้นท์ จัมโบ้ ขนาด XXL 34 ชิ้น,329.0,/ห่อ,mom-baby,diaper
เบบี้เลิฟ กางเกงผ้าอ้อมเด็ก เดย์ไนท์แพ้นท์ ซูเปอร์จัมโบ้ ขนาด XXL 48 ชิ้น,349.0,/ห่อ,mom-baby,diaper
ฮักกี้ส์ ลิตเติ้ล สวิมเมอร์ส กางเกงผ้าอ้อมสำหรับใส่ว่ายน้ำ ไซส์ M 11 ชิ้น,399.0,/ห่อ,mom-baby,diaper
พีเจ้น แผ่นซับน้ำนม ผิวหน้ารังผึ้ง 60 ชิ้น,189.0,/กล่อง,mom-baby,diaper
พีเจ้น แผ่นซับน้ำนม ผิวหน้ารังผึ้ง 30 ชิ้น,99.0,/กล่อง,mom-baby,diaper
เบบี้เลิฟ อีซี่ เทป ผ้าอ้อมเด็ก เมก้าแพ็ค ขนาด M 78 ชิ้น,399.0,/ห่อ,mom-baby,diaper
เบบี้เลิฟ อีซี่ เทป ผ้าอ้อมเด็ก เมก้าแพ็ค ขนาด L 72 ชิ้น,399.0,/ห่อ,mom-baby,diaper
เบบี้เลิฟ กางเกงผ้าอ้อมเด็ก เดย์ไนท์แพ้นท์ ซูเปอร์จัมโบ้ ขนาด M 74 ชิ้น,349.0,/ห่อ,mom-baby,diaper
เบบี้เลิฟ กางเกงผ้าอ้อมเด็ก เดย์ไนท์แพ้นท์ ซูเปอร์จัมโบ้ ขนาด L 62 ชิ้น,349.0,/ห่อ,mom-baby,diaper
เบบี้เลิฟ กางเกงผ้าอ้อมเด็ก เดย์ไนท์แพ้นท์ ซูเปอร์จัมโบ้ ขนาด XL 54 ชิ้น,349.0,/ห่อ,mom-baby,diaper
เบบี้เลิฟ กางเกงผ้าอ้อมเด็ก เดย์ไนท์แพ้นท์ ซูเปอร์จัมโบ้ ขนาด S 78 ชิ้น,349.0,/ห่อ,mom-baby,diaper
เบบี้เลิฟ กางเกงผ้าอ้อมเด็ก เดย์ไนท์แพ้นท์ จัมโบ้ ขนาด XL 40 ชิ้น,329.0,/ห่อ,mom-baby,diaper
เบบี้เลิฟ กางเกงผ้าอ้อมเด็ก เดย์ไนท์แพ้นท์ จัมโบ้ ขนาด M 54 ชิ้น,329.0,/ห่อ,mom-baby,diaper
เบบี้เลิฟ กางเกงผ้าอ้อมเด็ก เดย์ไนท์แพ้นท์ ขนาด XL 13 ชิ้น,85.0,/ห่อ,mom-baby,diaper
เบบี้เลิฟ กางเกงผ้าอ้อมเด็ก เดย์ไนท์แพ้นท์ จัมโบ้ ขนาด L 44 ชิ้น,329.0,/ห่อ,mom-baby,diaper
เนเจอร์ แผ่นซับน้ำนมแม่ 50 ชิ้น,179.0,/ชิ้น,mom-baby,diaper
เนเจอร์ แผ่นซับน้ำนมแม่ 30 ชิ้น,115.0,/กล่อง,mom-baby,diaper
มามี่โพโค ซุปเปอร์ พรีเมี่ยม ออร์แกนิค ผ้าอ้อมแบบเทป ขนาด NB จำนวน 84 ชิ้น,499.0,/ห่อ,mom-baby,diaper
มามี่โพโค พรีเมี่ยม เอ็กซ์ตร้า ดราย ผ้าอ้อมสำเร็จรูปแบบเทป ขนาด M จำนวน 72 ชิ้น,529.0,/ห่อ,mom-baby,diaper
มามี่โพโค พรีเมี่ยม เอ็กซ์ตร้า ดราย ผ้าอ้อมสำเร็จรูปแบบเทป ขนาด L จำนวน 64 ชิ้น,529.0,/ห่อ,mom-baby,diaper
มามี่โพโค ซุปเปอร์ พรีเมี่ยม ออร์แกนิค ผ้าอ้อมแบบเทป ขนาด S จำนวน 76 ชิ้น,499.0,/ห่อ,mom-baby,diaper
มามี่โพโค พรีเมี่ยม เอ็กซ์ตร้า ดราย ผ้าอ้อมสำเร็จรูปแบบเทป ขนาด XL จำนวน 60 ชิ้น,529.0,/ห่อ,mom-baby,diaper
อาร์เอส ผ้าอ้อมสำลี เกรด A ขนาด 21 x 21 นิ้ว แพ็ค 12 ผืน,379.0,/แพ็ค,mom-baby,diaper
เซฟดี ผ้าอ้อมสำลี 27 x 27 นิ้ว แพ็ค 6 ผืน,329.0,/แพ็ค,mom-baby,diaper
อาร์เอส ผ้าอ้อมสำลี เกรด A ขนาด 21 x 21 นิ้ว แพ็ค 6 ผืน,199.0,/แพ็ค,mom-baby,diaper
เพียวแอนด์พลอย ผ้าอ้อมสาลู 21 x 21 นิ้ว แพ็ค 6 ผืน,179.0,/แพ็ค,mom-baby,diaper
แฮปปี้ ไพรซ์ ผ้าอ้อมสาลู 27 x 27 นิ้ว แพ็ค 6 ผืน,199.0,/แพ็ค,mom-baby,diaper
โมดา บิมบิ ผ้าอ้อมสาลู 21 x 21 นิ้ว แพ็ค 6 ผืน,229.0,/แพ็ค,mom-baby,diaper
แฮปปี้ ไพรซ์ ผ้าอ้อมสำลี 27 x 27 นิ้ว แพ็ค 6 ผืน,199.0,/แพ็ค,mom-baby,diaper
โมดา บิมบิ ผ้าอ้อมสำลี 27 x 27 นิ้ว แพ็ค 6 ผืน,329.0,/แพ็ค,mom-baby,diaper
โมดา บิมบิ ผ้าอ้อมสำลี สำหรับเด็ก ขนาด 21x21 นิ้ว แพ็ค 6,229.0,/แพ็ค,mom-baby,diaper
มามี่โพโค แพ้นท์ แอนติ-มอส กางเกงผ้าอ้อม ขนาด M 62 ชิ้น,445.0,/แพ็ค,mom-baby,diaper
เพียวแอนด์พลอย ผ้าอ้อมสาลู 21 x 21 นิ้ว แพ็ค 6 ผืน,299.0,/แพ็ค,mom-baby,diaper
มามี่โพโค แพ้นท์ แอนติ-มอส กางเกงผ้าอ้อม ขนาด S 66 ชิ้น แพ็ค 4,1780.0,/แพ็ค,mom-baby,diaper
มามี่โพโค แพ้นท์ แอนติ-มอส กางเกงผ้าอ้อม ขนาด S 66 ชิ้น,445.0,/แพ็ค,mom-baby,diaper
มามี่โพโค แพ้นท์ แอนติ-มอส กางเกงผ้าอ้อม ขนาด M 62 ชิ้น แพ็ค 4,1780.0,/แพ็ค,mom-baby,diaper
มามี่โพโค แพ้นท์ แอนติ-มอส กางเกงผ้าอ้อม ขนาด L 52 ชิ้น แพ็ค 4,1780.0,/แพ็ค,mom-baby,diaper
มามี่โพโค แพ้นท์ แอนติ-มอส กางเกงผ้าอ้อม ขนาด XL 46 ชิ้น,445.0,/แพ็ค,mom-baby,diaper
มามี่โพโค แพ้นท์ แอนติ-มอส กางเกงผ้าอ้อม ขนาด L 52 ชิ้น,445.0,/แพ็ค,mom-baby,diaper
มามี่โพโค แพ้นท์ แอนติ-มอส กางเกงผ้าอ้อม ขนาด XL 46 ชิ้น แพ็ค 4,1780.0,/แพ็ค,mom-baby,diaper
โมโมยามะ ผ้ายางเนื้อนิ่มซึมซับปัสสาวะ คละแบบ,299.0,/ผืน,mom-baby,diaper
โมลฟิกซ์ เอ็กซ์ตร้าดราย แพ้นส์ กางเกงผ้าอ้อมเด็ก ขนาด S 78 ชิ้น,349.0,/แพ็ค,mom-baby,diaper
มามี่โพโค แพ้นท์ กางเกงผ้าอ้อม ซุปเปอร์ พรีเมียม ออร์แกนิค ขนาด XXL 32 ชิ้น,569.0,/ห่อ,mom-baby,diaper
เบบี้เลิฟ เดย์ไนท์ แพ้นท์ กางเกงผ้าอ้อมสำเร็จรูป ขนาด XL 3 ชิ้น แพ็ค 4,108.004,/แพ็ค 4,mom-baby,diaper
เบบี้เลิฟ กางเกงผ้าอ้อมเด็ก เดย์ไนท์แพ้นท์ ซูเปอร์จัมโบ้ ขนาด L 3 ชิ้น แพ็ค 4,108.0,/แพ็ค,mom-baby,diaper
เบบี้เลิฟ อีซี่ เทป ผ้าอ้อมเด็ก จัมโบ้แพ็ค ขนาด S 54 ชิ้น,319.0,/ห่อ,mom-baby,diaper
เบบี้เลิฟ อีซี่ เทป ผ้าอ้อมเด็ก จัมโบ้แพ็ค ขนาด NB 56 ชิ้น,319.0,/ห่อ,mom-baby,diaper
มามี่โพโค ซุปเปอร์ พรีเมี่ยม ออร์แกนิค ผ้าอ้อมแบบเทป ขนาด S จำนวน 22 ชิ้น,189.0,/ห่อ,mom-baby,diaper
โมโมะยามะ ผ้าอ้อมพาดไหล่มัสลิน คละแบบ,79.0,/ชิ้น,mom-baby,diaper
อาร์เอส ผ้าอ้อมสาลู เกรด A ขนาด 24 x 24 นิ้ว แพ็ค 12 ผืน,399.0,/แพ็ค,mom-baby,diaper
ผ้ากันเปื้อนพลาสติกสำหรับเด็ก คละแบบ,69.0,/ตัว,mom-baby,diaper
มามี่โพโค ซุปเปอร์ พรีเมี่ยม ออร์แกนิค ผ้าอ้อมแบบเทป ขนาด NB จำนวน 24 ชิ้น,189.0,/ห่อ,mom-baby,diaper
โมลฟิกซ์ เนเชอรัล เทป ผ้าอ้อมเด็กแบบเทป ขนาด NB 32 ชิ้น,185.0,/แพ็ค,mom-baby,diaper
มามี่โพโค ผ้าอ้อมแบบเทป ซุปเปอร์พรีเมี่ยมออร์แกนิค ขนาดเล็ก นิวบอร์น 24 ชิ้น,189.0,/แพ็ค,mom-baby,diaper
เอสแอล แฟมิลี่ ผ้ากันเปื้อนพิมพ์ลาย ขนาด 60 x 80 ซม. ลายปลา,169.0,/ชิ้น,mom-baby,diaper
อาร์เอส ผ้าอ้อมสาลู เกรด A ขนาด 24 x 24 นิ้ว แพ็ค 6 ผืน,199.0,/แพ็ค,mom-baby,diaper
มามี่โพโค แพ้นท์ แฮปปี้ ออลเดย์ดราย กางเกงผ้าอ้อมเด็กสำเร็จรูป XXXL 56 ชิ้น,792.0,/ลัง,mom-baby,diaper
เอสแอล แฟมิลี่ ผ้ากันเปื้อนพิมพ์ลาย ขนาด 66x76 ซม.,169.0,/ชิ้น,mom-baby,diaper
โมดา บิมบิ ผ้ากันเปื้อนสำหรับเด็ก แพ็คคู่,39.0,/แพ็ค,mom-baby,diaper
เอสแอล แฟมิลี่ ผ้ากันเปื้อนพิมพ์ลาย ขนาด 60 x 80 ซม. ลายใบไม้,169.0,/ชิ้น,mom-baby,diaper
ซันนี่ เบบี้ เฟล็กซี่ เดย์แอนด์ไนท์ แพ้นท์ กางเกงผ้าอ้อม ขนาด S 78+4 ชิ้น x 4 ห่อ,1197.0,/แพ็ค,mom-baby,diaper
ซันนี่ เบบี้ เฟล็กซี่ เดย์แอนด์ไนท์ แพ้นท์ กางเกงผ้าอ้อม ขนาด M 74+4 ชิ้น x 4 ห่อ,1197.0,/แพ็ค,mom-baby,diaper
ซันนี่ เบบี้ เฟล็กซี่ เดย์แอนด์ไนท์ แพ้นท์ กางเกงผ้าอ้อม ขนาด M 74+4 ชิ้น,339.0,/แพ็ค,mom-baby,diaper
เมอร์รี่ส์ ผ้าอ้อมเด็กชนิดกางเกง ไซส์ XL 38 ชิ้น แพ็ค 3,1437.0,/ลัง,mom-baby,diaper
เมอร์รี่ส์ ผ้าอ้อมเด็กชนิดเทป ไซส์ S 70 ชิ้น แพ็ค 4,2217.0,/ลัง,mom-baby,diaper
เมอร์รี่ส์ ผ้าอ้อมเด็กชนิดกางเกง ไซส์ L 56 ชิ้น แพ็ค 2,1153.0,/ลัง,mom-baby,diaper
เมอร์รี่ส์ ผ้าอ้อมเด็กชนิดกางเกง ไซส์ XXL 26 ชิ้น แพ็ค 3,1136.0,/ลัง,mom-baby,diaper
เมอร์รี่ส์ ผ้าอ้อมเด็กชนิดกางเกง ไซส์ XXL 26 ชิ้น,474.0,/แพ็ค,mom-baby,diaper
โมลฟิกซ์ เนเชอรัล เทป ผ้าอ้อมเด็กแบบเทป ขนาด S 84 ชิ้น x 3 แพ็ค,1055.0,/ลัง,mom-baby,diaper
โมลฟิกซ์ เอ็กซ์ตร้าดราย แพ้นส์ กางเกงผ้าอ้อมเด็ก ขนาด XXL 11 ชิ้น,75.0,/แพ็ค,mom-baby,diaper
โมลฟิกซ์ เนเชอรัล เทป ผ้าอ้อมเด็กแบบเทป ขนาด S 84 ชิ้น,429.0,/แพ็ค,mom-baby,diaper
กูนน์ มัมมี่ คิส เทป ผ้าอ้อมแบบเทป ขนาด NB 76 ชิ้น,149.0,/แพ็ค,mom-baby,diaper
กูนน์ มัมมี่ คิส แพ้นท์ กางเกงผ้าอ้อม ขนาด L 50 ชิ้น,399.0,/แพ็ค,mom-baby,diaper
มามี่โพโค พรีเมี่ยม เอ็กซ์ตร้า ดราย ผ้าอ้อมสำเร็จรูปแบบเทป ขนาด M จำนวน 72 ชิ้น x 3 แพ็ค,1325.0,/ลัง,mom-baby,diaper
มามี่โพโค แพ้นท์ กางเกงผ้าอ้อม รุ่นแฮปปี้ ออลเดย์ดราย ขนาด M 74 ชิ้น x 4 แพ็ค,1335.0,/ลัง,mom-baby,diaper
มามี่โพโค แพนท์ กางเกงผ้าอ้อม พรีเมียม เอม เพอร์เฟกต์ ดราย สำหรับเด็กชาย ขนาด XXL 34 ชิ้น x 4 แพ็ค,1767.0,/ลัง,mom-baby,diaper
มามี่โพโค แพ้นท์ ซุปเปอร์ พรีเมียม ออร์แกนิค กางเกงผ้าอ้อม ขนาด L 44+4 ชิ้น x 3 แพ็ค,1505.0,/ลัง,mom-baby,diaper
มามี่โพโค แพนท์ กางเกงผ้าอ้อม พรีเมียม เอม เพอร์เฟกต์ ดราย สำหรับเด็กชาย ขนาด XL 42 ชิ้น x 4 แพ็ค,1767.0,/ลัง,mom-baby,diaper
มามี่โพโค แพนท์ กางเกงผ้าอ้อม พรีเมียม เอม เพอร์เฟกต์ ดราย สำหรับเด็กหญิง ขนาด L 48 ชิ้น x 4 แพ็ค,1767.0,/ลัง,mom-baby,diaper
เบบี้เลิฟ อีซี่ เทป ผ้าอ้อมเด็ก เมก้าแพ็ค ขนาด L 72 ชิ้น X 3 แพ็ค,1100.0,/แพ็ค,mom-baby,diaper
แฮปปี้ ไพรซ์ ผ้าอ้อมสาลู 21 x 21 นิ้ว แพ็ค 6 ผืน,129.0,/แพ็ค,mom-baby,diaper
แฮปปี้ ไพรซ์ ผ้าอ้อมสำลี 21 x 21 นิ้ว แพ็ค 6 ผืน,129.0,/แพ็ค,mom-baby,diaper
ซันนี่ เบบี้ อัลตร้าซอฟท์ ลักซ์ชัวรี่ ผ้าอ้อมเด็กแบบเทป ขนาด New Born 66 ชิ้น,136.0,/แพ็ค,mom-baby,diaper
เบบี้เลิฟ เพลย์แพ้นท์ พรีเมียม การเกงผ้าอ้อมสำเร็จรูป ขนาด XL แพ็ค 126 ชิ้น,1153.0,/ห่อ,mom-baby,diaper
เบบี้เลิฟ เพลย์แพ้นท์ พรีเมียม การเกงผ้าอ้อมสำเร็จรูป ขนาด L แพ็ค 138 ชิ้น,1153.0,/ห่อ,mom-baby,diaper
เชอร์รี่เบบี้ ผ้าอ้อมสำเร็จรูป ซูเปอร์ธิน สำหรับเด็กทารก ขนาด L 52 ชิ้น,150.0,/แพ็ค,mom-baby,diaper
เชอร์รี่เบบี้ ผ้าอ้อมสำเร็จรูป ซูเปอร์ธิน สำหรับเด็กทารก ขนาด M 64 ชิ้น,150.0,/แพ็ค,mom-baby,diaper
เบบี้เลิฟ กางเกงผ้าอ้อม เดย์ไนท์แพ้นส์ พลัส ขนาด XXL 11 ชิ้น,109.0,/ห่อ,mom-baby,diaper
เชอร์รี่เบบี้ ผ้าอ้อมสำเร็จรูป ซูเปอร์ธิน สำหรับเด็กทารก ขนาด XL 46 ชิ้น,150.0,/แพ็ค,mom-baby,diaper
เบบี้เลิฟ กางเกงผ้าอ้อมเด็ก เดย์ไนท์แพ้นท์ ขนาด L 14 ชิ้น,32.0,/ห่อ,mom-baby,diaper
เบบี้เลิฟ เพลย์แพ้นท์ พรีเมียม การเกงผ้าอ้อมสำเร็จรูป ขนาด XXL แพ็ค 108 ชิ้น,1153.0,/ห่อ,mom-baby,diaper
เบบี้เลิฟ กางเกงผ้าอ้อมเด็กสำเร็จรูป รุ่นเพลย์แพนท์นาโนพลัส ขนาด XXL จำนวน 12 ชิ้น,177.0,/ห่อ,mom-baby,diaper
เบบี้เลิฟ อีซี่ เทป ผ้าอ้อมเด็ก เมก้าแพ็ค ขนาด XL 64 ชิ้น,146.0,/ห่อ,mom-baby,diaper
เชอร์รี่เบบี้ ผ้าอ้อมแบบเทป สปีดดราย 4 จี สำหรับเด็กทารกแรกเกิด 24 ชิ้น,219.0,/แพ็ค,mom-baby,diaper
เบบี้เลิฟ อีซี่เทป ผ้าอ้อม รุ่นประหยัด ขนาด NB 32 ชิ้น,185.0,/ห่อ,mom-baby,diaper
เบบี้เลิฟ อีซี่ เทป ผ้าอ้อมเด็ก เมก้าแพ็ค ขนาด XL 64 ชิ้น X 3 แพ็ค,1467.0,/แพ็ค,mom-baby,diaper
เซอร์เทนตี้ ผ้าอ้อมผู้ใหญ่ แบบเทป ขนาด M จำนวน 18 ชิ้น,315.0,/ห่อ,elderly,diaper
ไลฟ์รี่ กางเกงซึมซับมาก สำหรับผู้ใหญ่ ขนาด M 20 ชิ้น แพ็ค 3+1,1689.0,/ห่อ,elderly,diaper
เซอร์เทนตี้ เดย์แพ้นส์ กางเกงผ้าอ้อมผู้ใหญ่ ซึมซับปกติ ขนาด L 18 ชิ้น,345.0,/ห่อ,elderly,diaper
เซอร์เทนตี้ เดย์แพ้นส์ กางเกงผ้าอ้อมผู้ใหญ่ ซึมซับปกติ ขนาด M 18 ชิ้น,345.0,/ห่อ,elderly,diaper
เซอร์เทนตี้ เดย์แพ้นส์ กางเกงผ้าอ้อมผู้ใหญ่ ซึมซับปกติ ขนาด M 34 ชิ้น,509.0,/ห่อ,elderly,diaper
ไลฟ์รี่ กางเกงซึมซับสบาย ขนาด XL 14 ชิ้น,319.0,/ห่อ,elderly,diaper
ไลฟ์รี่ กางเกงซึมซับสบาย ขนาด M 18 ชิ้น,319.0,/ห่อ,elderly,diaper
ไลฟรี่ ผ้าอ้อมแห้งสบาย ขนาด L 24 ชิ้น,429.0,/ห่อ,elderly,diaper
ไลฟ์รี่ ผ้าอ้อมผู้ใหญ่ แบบเทป ขนาด M 28 ชิ้น,429.0,/ห่อ,elderly,diaper
เซอร์เทนตี้ เดย์แพ้นส์ กางเกงผ้าอ้อมผู้ใหญ่ ซึมซับปกติ ขนาด XL 26 ชิ้น,509.0,/ห่อ,elderly,diaper
ไลฟ์รี่ กางเกงผ้าอ้อมผู้ใหญ่ อัลตร้าสลิม ขนาด M 20 ชิ้น,319.0,/ห่อ,elderly,diaper
ไลฟ์รี่ กางเกงผ้าอ้อมผู้ใหญ่ อัลตร้าสลิม ขนาด L 20 ชิ้น,319.0,/ห่อ,elderly,diaper
ไลฟ์รี่ แผ่นเสริมซึมซับแบบซูเปอร์ รองรับชั่วโมงที่ยาวนาน 36 ชิ้น,295.0,/ห่อ,elderly,diaper
ไลฟ์รี่ แผ่นเสริมซึมซับ สำหรับกลางวัน ขนาดมาตรฐาน 60 ชิ้น,295.0,/ห่อ,elderly,diaper
เซอร์เทนตี้ กางเกงผ้าอ้อมผู้ใหญ่ สบายแพ้นส์ รุ่นซุปเปอร์จัมโบ้ ขนาด M 32+4 ชิ้น,509.0,/ห่อ,elderly,diaper
เซอร์เทนตี้ แผ่นรองซับ ขนาด L-XL 10 ชิ้น,102.0,/ห่อ,elderly,diaper
ไลฟ์รี่ กางเกงซึมซับมาก ขนาด XXL 14 ชิ้น,559.0,/แพ็ค,elderly,diaper
ไลฟ์รี่ กางเกงซึมซับสบาย ขนาด XL 26 ชิ้น,509.0,/ห่อ,elderly,diaper
เซอร์เทนตี้ แผ่นรองซับ เรกูล่า ขนาด XXL Plus 8 ชิ้น,139.0,/ชิ้น,elderly,diaper
ไลฟ์รี่ แผ่นซึมซับปัสสาวะเล็ด 120-200 ซีซี ขนาด 28.5 ซม. 8 ชิ้น,35.0,/ห่อ,elderly,diaper
ไลฟ์รี่ กางเกงซึมซับสบาย ขนาด L 34 ชิ้น,509.0,/ห่อ,elderly,diaper
ไลฟ์รี่ กางเกงซึมซับสบาย ขนาด M 34 ชิ้น,509.0,/ห่อ,elderly,diaper
เซอร์เทนตี้ ซุปเปอร์แพ้นส์ กางเกงผ้าอ้อมผู้ใหญ่ ซึมซับมาก ขนาด L 20 ชิ้น,599.0,/ห่อ,elderly,diaper
เซอร์เทนตี้ ซุปเปอร์แพ้นส์ กางเกงผ้าอ้อมผู้ใหญ่ ซึมซับมาก ขนาด XL 16 ชิ้น,599.0,/ห่อ,elderly,diaper
ไลฟ์รี่ กางเกงซึมซับตลอดคืน ขนาด L 14 ชิ้น,1820.0,/ห่อ,elderly,diaper
เซอร์เทนตี้ ผ้าอ้อมผู้ใหญ่ แบบเทป ขนาด L จำนวน 24 ชิ้น,429.0,/ห่อ,elderly,diaper
เซอร์เทนตี้ ผ้าอ้อมผู้ใหญ่ แบบเทป ขนาดจัมโบ้ M จำนวน 28 ชิ้น,429.0,/ห่อ,elderly,diaper
ไลฟ์รี่ กางเกงซึมซับมาก ไซส์ XXL ขนาด 45-60 นิ้ว x 24 ชิ้น,819.0,/ห่อ,elderly,diaper
ไลฟ์รี่ กางเกงซึมซับตลอดคืน ไซส์ XL ขนาด 35-50 นิ้ว x 20 ชิ้น,819.0,/ห่อ,elderly,diaper
ไลฟ์รี่ กางเกงซึมซับมาก ไซส์ L ขนาด 29-40 นิ้ว x 32 ชิ้น,819.0,/ห่อ,elderly,diaper
ไลฟ์รี่ กางเกงซึมซับตลอดคืน ไซส์ L ขนาด 29-41 นิ้ว x 24 ชิ้น,819.0,/ห่อ,elderly,diaper
ไลฟ์รี่ กางเกงซึมซับมาก ไซส์ XL ขนาด 35-50 นิ้ว x 26 ชิ้น,819.0,/ห่อ,elderly,diaper
บิ๊กซี แฮปปี้ ไพรซ์ โปร ผ้าอ้อมผู้ใหญ่ ไซส์ M แพ็ค 10 ชิ้น,152.0,/ห่อ,elderly,diaper
บิ๊กซี แฮปปี้ ไพรซ์ โปร ผ้าอ้อมผู้ใหญ่ ไซส์ L แพ็ค 24 ชิ้น,389.0,/ห่อ,elderly,diaper
บิ๊กซี แฮปปี้ ไพรซ์ โปร ผ้าอ้อมผู้ใหญ่ ไซส์ M แพ็ค 28 ชิ้น,389.0,/ห่อ,elderly,diaper
บิ๊กซี แฮปปี้ ไพรซ์ โปร ผ้าอ้อมผู้ใหญ่ ไซส์ L แพ็ค 10 ชิ้น,179.0,/ห่อ,elderly,diaper
เซอร์เทนตี้ ผ้าอ้อมผู้ใหญ่ชนิดเทป จัมโบ้ แพ็ค ไซส์ XL-XXL 19 ชิ้น,429.0,/แพ็ค,elderly,diaper
เซอร์เทนตี้ กางเกงโกลด์แพ้นส์ ผ้าอ้อมผู้ใหญ่ ขนาด XL แพ็ค 12 ชิ้น รุ่น 3 ฟรี 1,1659.0,/แพ็ค,elderly,diaper
ไลฟ์รี่ แผ่นเสริมซึมซับ สำหรับกลางคืน ซึมซับมาก 30 ชิ้น,295.0,/ห่อ,elderly,diaper
เซอร์เทนตี้ กางเกงซึมซับมาก ขนาด XXL 14 ชิ้น,599.0,/ห่อ,elderly,diaper
ไลฟ์รี่ แผ่นซึมซับปัสสาวะเล็ด 120-200 ซีซี ขนาด 28.5 ซม. 8 ชิ้น x 24 แพ็ค,1324.0,/ลัง,elderly,diaper
ไลฟ์รี่ แผ่นเสริมซึมซับ สำหรับกลางวัน ขนาดมาตรฐาน 28 ชิ้น แพ็ค 4,572.0,/แพ็ค,elderly,diaper
ไลฟ์รี่ กางเกงซึมซับมาก ขนาด L 20 ชิ้น x 4 แพ็ค,1915.0,/ลัง,elderly,diaper
ไลฟ์รี่ กางเกงซึมซับสบาย ขนาด L 18 ชิ้น x 4 แพ็ค,1148.0,/ลัง,elderly,diaper
ไลฟ์รี่ แผ่นเสริมซึมซับ สำหรับกลางวัน ขนาดมาตรฐาน 60 ชิ้น x 3 แพ็ค,789.0,/ลัง,elderly,diaper
ไลฟ์รี่ ผ้าอ้อมผู้ใหญ่แบบเทป รุ่นแห้งสบาย ขนาด L 24 ชิ้น x 4 แพ็ค,1532.0,/ลัง,elderly,diaper
ไลฟ์รี่ กางเกงผ้าอ้อมผู้ใหญ่ อัลตร้าสลิม ขนาด M 20 ชิ้น x 4 แพ็ค,1148.0,/ลัง,elderly,diaper
ไลฟ์รี่ แผ่นเสริมซึมซับแบบซูเปอร์ รองรับชั่วโมงที่ยาวนาน 36 ชิ้น x 4 แพ็ค,1052.0,/ลัง,elderly,diaper
ไลฟ์รี่ ผ้าอ้อมผู้ใหญ่แบบเทป รุ่นแห้งสบาย ขนาด M 28 ชิ้น,1532.0,/ห่อ,elderly,diaper
ไลฟ์รี่ กางเกงซึมซับสบาย ขนาด M 18 ชิ้น x 4 แพ็ค,1148.0,/ลัง,elderly,diaper
ไลฟ์รี่ กางเกงซึมซับมาก ขนาด M 20 ชิ้น x 4 แพ็ค,1915.0,/ลัง,elderly,diaper
ไลฟ์รี่ กางเกงซึมซับตลอดคืน ขนาด M 16 ชิ้น,1820.0,/ห่อ,elderly,diaper
ไลฟ์รี่ กางเกงผ้าอ้อมผู้ใหญ่ อัลตร้าสลิม ขนาด L 20 ชิ้น x 4 แพ็ค,1148.0,/ลัง,elderly,diaper
ไลฟ์รี่ กางเกงซึมซับตลอดคืน ขนาด XL 12 ชิ้น,1820.0,/ห่อ,elderly,diaper
ไลฟ์รี่ กางเกงซึมซับสบาย ขนาด XL 14 ชิ้น x 4 แพ็ค,1148.0,/ลัง,elderly,diaper
ไลฟ์รี่ กางเกงผ้าอ้อมผู้ใหญ่ อัลตร้าสลิม ขนาด XL 26 ชิ้น x 4 แพ็ค,1743.0,/ลัง,elderly,diaper
ไลฟ์รี่ กางเกงผ้าอ้อมผู้ใหญ่ อัลตร้าสลิม ขนาด M 34 ชิ้น x 4 แพ็ค,1743.0,/ลัง,elderly,diaper
ไลฟ์รี่ กางเกงผ้าอ้อมผู้ใหญ่ อัลตร้าสลิม ขนาด L 34 ชิ้น x 4 แพ็ค,1743.0,/ลัง,elderly,diaper
บิ๊กซี แฮปปี้ไพรซ์ แผ่นรองกันเปื้อน 10 ชิ้น,69.0,/แพ็ค,elderly,diaper
เซอร์เทนตี้ กางเกงผ้าอ้อมผู้ใหญ่ ซุปเปอร์แพ้นส์ รุ่นลังประหยัด ขนาด XL 64 ชิ้น,1647.0,/ห่อ,elderly,diaper
เซอร์เทนตี้ กางเกงผ้าอ้อมผู้ใหญ่ เดย์แพ้นส์ ขนาด M 54 ชิ้น,759.0,/ห่อ,elderly,diaper
เซอร์เทนตี้ กางเกงผ้าอ้อมผู้ใหญ่ ซุปเปอร์แพ้นส์ รุ่นลังประหยัด ขนาด L 80 ชิ้น,1647.0,/ห่อ,elderly,diaper
เซอร์เทนตี้ กางเกงผ้าอ้อมผู้ใหญ่ เดย์แพ้นส์ ขนาด L 54 ชิ้น,759.0,/ห่อ,elderly,diaper
เซอร์เทนตี้ กางเกงโกลด์แพ้นส์ ผ้าอ้อมผู้ใหญ่ ขนาด XL แพ็ค 12 ชิ้น,569.0,/แพ็ค,elderly,diaper
เซอร์เทนตี้ กางเกงโกลด์แพ้นส์ ผ้าอ้อมผู้ใหญ่ ขนาด L แพ็ค 14 ชิ้น,569.0,/แพ็ค,elderly,diaper
เซอร์เทนตี้ กางเกงโกลด์แพ้นส์ ผ้าอ้อมผู้ใหญ่ ขนาด M แพ็ค 16 ชิ้น,569.0,/แพ็ค,elderly,diaper
เซอร์เทนตี้ ซุปเปอร์แพ้นส์ กางเกงผ้าอ้อมผู้ใหญ่ ซึมซับมาก ขนาด L 20 ชิ้น x 4 แพ็ค,1916.0,/ลัง,elderly,diaper
เซอร์เทนตี้ เดย์แพ้นส์ กางเกงผ้าอ้อมผู้ใหญ่ ขนาด XL 26 ชิ้น x 4 แพ็ค,1808.0,/ลัง,elderly,diaper
เซอร์เทนตี้ เทป ผ้าอ้อมผู้ใหญ่แบบเทป รุ่นจัมโบ้ ขนาด L 24 ชิ้น x 4 แพ็ค,1532.0,/ลัง,elderly,diaper
เซอร์เทนตี้ เดย์แพ้นส์ กางเกงผ้าอ้อมผู้ใหญ่ ขนาด M 34 ชิ้น x 4 แพ็ค,1808.0,/ลัง,elderly,diaper
เซอร์เทนตี้ เดย์แพ้นส์ กางเกงผ้าอ้อมผู้ใหญ่ ขนาด L 34 ชิ้น x 4 แพ็ค,1808.0,/ลัง,elderly,diaper
เซอร์เทนตี้ ซุปเปอร์แพ้นส์ กางเกงผ้าอ้อมผู้ใหญ่ ซึมซับมาก ขนาด XL 16 ชิ้น x 4 แพ็ค,1916.0,/ลัง,elderly,diaper
เซอร์เทนตี้ เทป ผ้าอ้อมผู้ใหญ่แบบเทป รุ่นจัมโบ้ ขนาด M 28 ชิ้น x 4 แพ็ค,1532.0,/ลัง,elderly,diaper
เซอร์เทนตี้ ซุปเปอร์แพ้นส์ กางเกงผ้าอ้อมผู้ใหญ่ ซึมซับมาก ขนาด M 20 ชิ้น x 4 แพ็ค,1916.0,/ลัง,elderly,diaper
ไลฟ์รี่ กางเกงผ้าอ้อมผู้ใหญ่ อัลตร้าสลิม ขนาด M 34 ชิ้น,509.0,/ห่อ,elderly,diaper
ไลฟ์รี่ กางเกงผ้าอ้อมผู้ใหญ่ อัลตร้าสลิม ขนาด L 34 ชิ้น,509.0,/ห่อ,elderly,diaper
ไลฟ์รี่ กางเกงผ้าอ้อมผู้ใหญ่ อัลตร้าสลิม ขนาด XL 26 ชิ้น,509.0,/ห่อ,elderly,diaper
ไลฟ์รี่ กางเกงซึมซับตลอดคืน ขนาด XL 12 ชิ้น,559.0,/ห่อ,elderly,diaper
เซอร์เทนตี้ เดย์แพ้นส์ กางเกงผ้าอ้อมผู้ใหญ่ ซึมซับปกติ ขนาด L 34 ชิ้น,509.0,/ห่อ,elderly,diaper
เซอร์เทนตี้ ซุปเปอร์แพ้นส์ กางเกงผ้าอ้อมผู้ใหญ่ ซึมซับมาก ขนาด M 20 ชิ้น,599.0,/ห่อ,elderly,diaper
ไลฟ์รี่ แผ่นซึมซับปัสสาวะเล็ด 300 ซีซี แพ็ค 6 ชิ้น,59.0,/ห่อ,elderly,diaper
ไลฟ์รี่ กางเกงผ้าอ้อมผู้ใหญ่ XL ไซด์ 16 ชิ้น,559.0,/ห่อ,elderly,diaper
ไลฟ์รี่ ซึมซับปัสสาวะเล็ด 120-200 ซีซี 16 แผ่น,129.0,/ห่อ,elderly,diaper
ไลฟ์รี่ กางเกงซึมซับ ไซส์ M 20 ชิ้น,559.0,/ห่อ,elderly,diaper
ไลฟ์รี่ กางเกงซึมซับมาก ขนาด L 20 ชิ้น,559.0,/ห่อ,elderly,diaper
ไลฟ์รี่ ผ้าอ้อมผู้ใหญ่ กางเกงซึมซับ ไซส์ M 11 ชิ้น,319.0,/ห่อ,elderly,diaper
ซ้อฟเท็กซ์ แผ่นรองซับสำหรับผู้ใหญ่ ไซส์ L 10 ชิ้น,109.0,/แพ็ค,elderly,diaper
ไลฟ์รี่ แผ่นเสริมซึมซับ สำหรับกลางวัน ขนาดมาตรฐาน 28 ชิ้น,169.0,/ห่อ,elderly,diaper
ไลฟ์รี่ ผ้าอ้อมผู้ใหญ่ กางเกงซึมซับ ไซส์ XL 9 ชิ้น,319.0,/ห่อ,elderly,diaper
ไลฟ์รี่ ผ้าอ้อมผู้ใหญ่ กางเกงซึมซับ ไซส์ L 11 ชิ้น,319.0,/ห่อ,elderly,diaper
เซอร์เทนตี้ อัลตร้า ดราย จัมโบ้ ขนาด M 26 ชิ้น,459.0,/แพ็ค,elderly,diaper
เซอร์เทนตี้ อัลตร้า ดราย จัมโบ้ ขนาด L 22 ชิ้น,459.0,/แพ็ค,elderly,diaper
เซอร์เทนตี้ ซุปเปอร์แพ้นส์ กางเกงผ้าอ้อมผู้ใหญ่ ซึมซับมาก ขนาด M 11 ชิ้น,345.0,/ห่อ,elderly,diaper
เซอร์เทนตี้ ผ้าอ้อมผู้ใหญ่แบบเทป รุ่นธรรมดา ขนาด M 10 ชิ้น,185.0,/ห่อ,elderly,diaper
เซอร์เทนตี้ ผ้าอ้อมผู้ใหญ่แบบเทป รุ่นธรรมดา ขนาด L 10 ชิ้น,219.0,/ห่อ,elderly,diaper
ไอแคร์ ผ้าอ้อมผู้ใหญ่ ขนาด L 24 ชิ้น,395.0,/ห่อ,elderly,diaper
เซอร์เทนตี้ ซุปเปอร์แพ้นส์ กางเกงผ้าอ้อมผู้ใหญ่ ซึมซับมาก ขนาด L 11 ชิ้น,345.0,/ห่อ,elderly,diaper
เซอร์เทนตี้ ผ้าอ้อมผู้ใหญ่แบบเทป รุ่นประหยัด ขนาด L 15 ชิ้น,315.0,/ห่อ,elderly,diaper
ไลฟ์รี่ ผ้าอ้อมผู้ใหญ่ แบบเทป ขนาด M 18 ชิ้น,289.0,/ห่อ,elderly,diaper
ไลฟรี่ ผ้าอ้อมแห้งสบาย ขนาด L 15 ชิ้น,289.0,/ห่อ,elderly,diaper
ไลฟ์รี่ ซึมซับปัสสาวะ 200 ซีซี 10 ชิ้น,99.0,/ห่อ,elderly,diaper
ไลฟ์รี่ ซึมซับปัสสาวะ 150 ซีซี 12 ชิ้น,99.0,/ห่อ,elderly,diaper
แซนนิซอฟท์ กางเกงซึมซับแห้งสบาย สำหรับชาย-หญิง ไซส์ L 34-54 นิ้ว แพ็ค 10,289.0,/ห่อ,elderly,diaper
แซนนิซอฟท์ กางเกงซึมซับแห้งสบาย สำหรับชาย-หญิง ไซส์ M 26-37 นิ้ว แพ็ค 10,289.0,/ห่อ,elderly,diaper
แซนนิซอฟท์ กางเกงซึมซับแห้งสบาย สำหรับชาย-หญิง ไซส์ XL 39-64 นิ้ว แพ็ค 8,289.0,/ห่อ,elderly,diaper
บิ๊กซี แฮปปี้ ไพรซ์ โปร แผ่นรองซับ ขนาด L สำหรับชายและหญิง 10 ชิ้น,95.0,/ห่อ,elderly,diaper
ไลฟ์รี่ ผ้าอ้อมผู้ใหญ่แบบเทป รุ่นแห้งสบาย ขนาด M 18 ชิ้น x 6 แพ็ค,1734.0,/ลัง,elderly,diaper
ไลฟ์รี่ ผ้าอ้อมผู้ใหญ่ กางเกงซึมซับ ไซส์ M 11 ชิ้น x 8 แพ็ค,2872.0,/ลัง,elderly,diaper
ไลฟ์รี่ ผ้าอ้อมผู้ใหญ่ กางเกงซึมซับ ไซส์ XL 9 ชิ้น x 8 แพ็ค,2872.0,/ลัง,elderly,diaper
ไลฟ์รี่ กางเกงซึมซับมาก สำหรับผู้ใหญ่ ขนาด XL 16 ชิ้น แพ็ค 3+1,1689.0,/ห่อ,elderly,diaper
ไลฟ์รี่ กางเกงซึมซับมาก สำหรับผู้ใหญ่ ขนาด L 20 ชิ้น แพ็ค 3+1,1689.0,/ห่อ,elderly,diaper
ไลฟ์รี่ กางเกงซึมซับสบาย ขนาด L 18 ชิ้น,319.0,/ห่อ,elderly,diaper
เซอร์เทนตี้ กางเกงผ้าอ้อมผู้ใหญ่ สบายแพ้นส์ รุ่นซุปเปอร์จัมโบ้ ขนาด L 32+4 ชิ้น,509.0,/ห่อ,elderly,diaper
ไลฟ์รี่ กางเกงซึมซับมาก ขนาด XXL 14 ชิ้น แพ็ค 3+1,1689.0,/แพ็ค,elderly,diaper
ไลฟ์รี่ แผ่นซึมซับปัสสาวะเล็ด 70-120 ซีซี แพ็ค 20 ชิ้น x 12 แพ็ค,1334.0,/ลัง,elderly,diaper
ไลฟ์รี่ กางเกงซึมซับมาก ขนาด L 20 ชิ้น x 4 แพ็ค,1915.0,/ลัง,elderly,diaper
ไลฟ์รี่ กางเกงซึมซับสบาย ขนาด L 18 ชิ้น x 4 แพ็ค,1148.0,/ลัง,elderly,diaper
ไลฟ์รี่ กางเกงซึมซับมาก ขนาด XL 16 ชิ้น x 4 แพ็ค,1915.0,/ลัง,elderly,diaper
ไลฟ์รี่ กางเกงซึมซับสบาย ขนาด M 18 ชิ้น x 4 แพ็ค,1148.0,/ลัง,elderly,diaper
ไลฟ์รี่ ซึมซับปัสสาวะเล็ด 120-200 ซีซี ขนาด 28.5 ซม. 16 ชิ้น x 12 แพ็ค,1334.0,/ลัง,elderly,diaper
เซอร์เทนตี้ สบายแพ้นส์ กางเกงผ้าอ้อมผู้ใหญ่ ขนาด M 32+4 ชิ้น x 4 แพ็ค,1744.0,/ลัง,elderly,diaper
เซอร์เทนตี้ สบายแพ้นส์ กางเกงผ้าอ้อมผู้ใหญ่ ขนาด L 32+4 ชิ้น x 4 แพ็ค,1744.0,/ลัง,elderly,diaper
ไลฟ์รี่ แผ่นซึมซับปัสสาวะเล็ด 70-120 ซีซี แพ็ค 20 ชิ้น,129.0,/ห่อ,elderly,diaper
ไลฟ์รี่ แผ่นซึมซับปัสสาวะเล็ด 300 ซีซี ขนาด 34 ซม. 6 ชิ้น x 8 แพ็ค,552.0,/ลัง,elderly,diaper
ไลฟ์รี่ กางเกงซึมซับสบาย ขนาด XL 14 ชิ้น แพ็ค 3+1,1012.0,/แพ็ค,elderly,diaper
ไลฟ์รี่ กางเกงซึมซับสบาย ขนาด M 18 ชิ้น แพ็ค 3+1,1012.0,/แพ็ค,elderly,diaper
ไลฟ์รี่ กางเกงซึมซับสบาย ขนาด L 18 ชิ้น แพ็ค 3+1,1012.0,/แพ็ค,elderly,diaper
ไลฟ์รี่ ผ้าอ้อมผู้ใหญ่แบบเทป รุ่นแห้งสบาย ขนาด L 15 ชิ้น แพ็ค 6,1734.0,/แพ็ค,elderly,diaper
เซอร์เทนตี้ ผ้าอ้อมผู้ใหญ่ชนิดเทป จัมโบ้ แพ็ค ไซส์ XL-XXL 19 ชิ้น แพ็ค 4,1916.0,/แพ็ค,elderly,diaper
